colombia	neighborOf	peru	
china	neighborOf	russia	
uganda	locatedIn	africa	
bhutan	neighborOf	india	
sweden	locatedIn	northern_europe	
macedonia	locatedIn	europe	
belize	neighborOf	guatemala	
belarus	neighborOf	latvia	
eritrea	neighborOf	djibouti	
tuvalu	locatedIn	polynesia	
brazil	neighborOf	colombia	
ivory_coast	locatedIn	africa	
armenia	neighborOf	georgia	
san_marino	locatedIn	southern_europe	
vatican_city	locatedIn	europe	
antigua_and_barbuda	locatedIn	caribbean	
belgium	neighborOf	netherlands	
dr_congo	neighborOf	rwanda	
united_arab_emirates	locatedIn	western_asia	
central_asia	locatedIn	asia	
laos	neighborOf	thailand	
taiwan	locatedIn	eastern_asia	
italy	locatedIn	southern_europe	
yemen	neighborOf	oman	
gibraltar	neighborOf	spain	
kosovo	locatedIn	europe	
france	neighborOf	spain	
costa_rica	neighborOf	nicaragua	
myanmar	neighborOf	china	
cuba	locatedIn	americas	
lithuania	locatedIn	northern_europe	
romania	neighborOf	hungary	
kosovo	neighborOf	serbia	
kazakhstan	neighborOf	uzbekistan	
togo	locatedIn	western_africa	
kyrgyzstan	neighborOf	tajikistan	
israel	locatedIn	western_asia	
palau	locatedIn	oceania	
yemen	neighborOf	saudi_arabia	
portugal	neighborOf	spain	
united_arab_emirates	neighborOf	oman	
chile	neighborOf	argentina	
romania	neighborOf	serbia	
chad	neighborOf	niger	
ukraine	locatedIn	europe	
uganda	neighborOf	south_sudan	
bermuda	locatedIn	americas	
hungary	neighborOf	slovakia	
lithuania	neighborOf	latvia	
turkey	neighborOf	syria	
turkey	neighborOf	greece	
mexico	neighborOf	belize	
somalia	neighborOf	djibouti	
ethiopia	neighborOf	sudan	
são_tomé_and_príncipe	locatedIn	africa	
ecuador	neighborOf	peru	
senegal	locatedIn	africa	
mongolia	locatedIn	eastern_asia	
somalia	neighborOf	kenya	
senegal	neighborOf	mauritania	
ghana	neighborOf	ivory_coast	
equatorial_guinea	neighborOf	cameroon	
uzbekistan	neighborOf	kazakhstan	
uganda	neighborOf	dr_congo	
azerbaijan	neighborOf	armenia	
niger	neighborOf	benin	
bulgaria	neighborOf	turkey	
eastern_asia	locatedIn	asia	
palestine	locatedIn	western_asia	
afghanistan	neighborOf	turkmenistan	
ghana	neighborOf	togo	
china	neighborOf	kyrgyzstan	
turkey	neighborOf	georgia	
namibia	neighborOf	zambia	
papua_new_guinea	locatedIn	oceania	
new_caledonia	locatedIn	melanesia	
iceland	locatedIn	northern_europe	
china	neighborOf	pakistan	
guernsey	locatedIn	northern_europe	
chad	neighborOf	nigeria	
tanzania	neighborOf	uganda	
saint_barthélemy	locatedIn	americas	
vietnam	neighborOf	laos	
réunion	locatedIn	africa	
zambia	neighborOf	tanzania	
greenland	locatedIn	northern_america	
tajikistan	neighborOf	uzbekistan	
equatorial_guinea	locatedIn	africa	
zimbabwe	neighborOf	botswana	
jersey	locatedIn	europe	
cyprus	neighborOf	united_kingdom	
poland	neighborOf	germany	
albania	neighborOf	montenegro	
south_sudan	neighborOf	dr_congo	
andorra	neighborOf	spain	
latvia	neighborOf	estonia	
tajikistan	locatedIn	asia	
sudan	neighborOf	egypt	
philippines	locatedIn	south-eastern_asia	
south_africa	neighborOf	zimbabwe	
mauritania	locatedIn	western_africa	
namibia	neighborOf	south_africa	
kenya	neighborOf	somalia	
caribbean	locatedIn	americas	
vietnam	neighborOf	cambodia	
ivory_coast	neighborOf	ghana	
botswana	neighborOf	south_africa	
norway	neighborOf	russia	
nepal	neighborOf	india	
macau	neighborOf	china	
south-eastern_asia	locatedIn	asia	
malawi	neighborOf	zambia	
spain	neighborOf	morocco	
yemen	locatedIn	western_asia	
guam	locatedIn	micronesia	
macedonia	locatedIn	southern_europe	
algeria	neighborOf	tunisia	
hungary	neighborOf	ukraine	
russia	locatedIn	europe	
guinea	neighborOf	ivory_coast	
slovenia	locatedIn	europe	
united_arab_emirates	locatedIn	asia	
croatia	locatedIn	southern_europe	
cape_verde	locatedIn	western_africa	
norway	neighborOf	sweden	
brazil	neighborOf	paraguay	
rwanda	neighborOf	dr_congo	
anguilla	locatedIn	americas	
cambodia	locatedIn	south-eastern_asia	
brunei	locatedIn	asia	
austria	neighborOf	switzerland	
georgia	neighborOf	turkey	
maldives	locatedIn	southern_asia	
guinea-bissau	locatedIn	western_africa	
gabon	neighborOf	republic_of_the_congo	
south_sudan	neighborOf	central_african_republic	
guam	locatedIn	oceania	
austria	neighborOf	hungary	
polynesia	locatedIn	oceania	
lebanon	neighborOf	syria	
belize	neighborOf	mexico	
northern_africa	locatedIn	africa	
cook_islands	locatedIn	polynesia	
cameroon	locatedIn	africa	
northern_mariana_islands	locatedIn	micronesia	
seychelles	locatedIn	africa	
saint_martin	neighborOf	sint_maarten	
puerto_rico	locatedIn	caribbean	
south_africa	neighborOf	swaziland	
germany	neighborOf	france	
benin	neighborOf	togo	
el_salvador	neighborOf	guatemala	
iran	locatedIn	southern_asia	
china	neighborOf	hong_kong	
estonia	neighborOf	latvia	
afghanistan	neighborOf	pakistan	
western_sahara	neighborOf	algeria	
macau	locatedIn	eastern_asia	
slovenia	neighborOf	hungary	
san_marino	locatedIn	europe	
central_african_republic	locatedIn	africa	
dr_congo	neighborOf	south_sudan	
ukraine	neighborOf	poland	
paraguay	neighborOf	bolivia	
kosovo	neighborOf	macedonia	
australia	locatedIn	australia_and_new_zealand	
senegal	locatedIn	western_africa	
equatorial_guinea	neighborOf	gabon	
nauru	locatedIn	oceania	
gabon	neighborOf	cameroon	
suriname	locatedIn	south_america	
western_europe	locatedIn	europe	
laos	neighborOf	cambodia	
burundi	locatedIn	africa	
falkland_islands	locatedIn	south_america	
somalia	locatedIn	eastern_africa	
greece	locatedIn	southern_europe	
zimbabwe	neighborOf	zambia	
anguilla	locatedIn	caribbean	
lithuania	locatedIn	europe	
brazil	neighborOf	venezuela	
belgium	neighborOf	luxembourg	
croatia	neighborOf	montenegro	
djibouti	neighborOf	ethiopia	
belize	locatedIn	central_america	
switzerland	neighborOf	germany	
suriname	neighborOf	brazil	
tokelau	locatedIn	polynesia	
north_korea	neighborOf	russia	
japan	locatedIn	asia	
mali	neighborOf	senegal	
belarus	neighborOf	lithuania	
uzbekistan	neighborOf	afghanistan	
egypt	neighborOf	libya	
peru	neighborOf	chile	
indonesia	neighborOf	malaysia	
thailand	neighborOf	malaysia	
tanzania	neighborOf	mozambique	
spain	neighborOf	portugal	
american_samoa	locatedIn	oceania	
guatemala	neighborOf	honduras	
china	neighborOf	bhutan	
andorra	locatedIn	southern_europe	
cyprus	locatedIn	europe	
swaziland	locatedIn	africa	
afghanistan	neighborOf	iran	
armenia	neighborOf	turkey	
cameroon	neighborOf	equatorial_guinea	
kuwait	neighborOf	iraq	
ukraine	neighborOf	belarus	
belarus	neighborOf	russia	
ethiopia	locatedIn	eastern_africa	
chad	neighborOf	libya	
bangladesh	neighborOf	india	
france	neighborOf	italy	
south_africa	neighborOf	lesotho	
brazil	neighborOf	peru	
solomon_islands	locatedIn	melanesia	
peru	neighborOf	brazil	
algeria	locatedIn	northern_africa	
myanmar	neighborOf	bangladesh	
iran	neighborOf	armenia	
martinique	locatedIn	americas	
luxembourg	neighborOf	belgium	
kenya	locatedIn	eastern_africa	
british_virgin_islands	locatedIn	caribbean	
bosnia_and_herzegovina	neighborOf	serbia	
el_salvador	locatedIn	central_america	
southern_africa	locatedIn	africa	
liechtenstein	neighborOf	switzerland	
mexico	neighborOf	united_states	
niue	locatedIn	oceania	
niger	neighborOf	algeria	
sint_maarten	neighborOf	saint_martin	
hong_kong	neighborOf	china	
rwanda	locatedIn	eastern_africa	
sudan	neighborOf	eritrea	
liechtenstein	locatedIn	europe	
botswana	neighborOf	namibia	
pitcairn_islands	locatedIn	polynesia	
gambia	neighborOf	senegal	
niue	locatedIn	polynesia	
moldova	locatedIn	eastern_europe	
hungary	neighborOf	croatia	
belgium	locatedIn	europe	
finland	neighborOf	sweden	
central_europe	locatedIn	europe	
vatican_city	neighborOf	italy	
mauritania	locatedIn	africa	
russia	neighborOf	finland	
switzerland	neighborOf	liechtenstein	
liberia	neighborOf	ivory_coast	
russia	neighborOf	latvia	
germany	neighborOf	austria	
south_sudan	neighborOf	ethiopia	
peru	neighborOf	colombia	
albania	locatedIn	southern_europe	
mozambique	neighborOf	tanzania	
afghanistan	neighborOf	china	
montenegro	neighborOf	kosovo	
slovakia	neighborOf	poland	
mongolia	locatedIn	asia	
faroe_islands	locatedIn	northern_europe	
botswana	locatedIn	southern_africa	
grenada	locatedIn	caribbean	
pakistan	neighborOf	india	
georgia	neighborOf	armenia	
wallis_and_futuna	locatedIn	polynesia	
micronesia	locatedIn	oceania	
mozambique	neighborOf	malawi	
uruguay	locatedIn	americas	
djibouti	neighborOf	eritrea	
south_sudan	locatedIn	africa	
spain	neighborOf	france	
israel	neighborOf	lebanon	
macau	locatedIn	asia	
burkina_faso	neighborOf	ghana	
saint_vincent_and_the_grenadines	locatedIn	caribbean	
palestine	neighborOf	israel	
uganda	neighborOf	kenya	
qatar	locatedIn	asia	
sint_maarten	locatedIn	americas	
rwanda	neighborOf	burundi	
saint_kitts_and_nevis	locatedIn	americas	
marshall_islands	locatedIn	micronesia	
burundi	neighborOf	rwanda	
ivory_coast	neighborOf	mali	
el_salvador	neighborOf	honduras	
india	neighborOf	pakistan	
republic_of_the_congo	neighborOf	cameroon	
switzerland	neighborOf	france	
equatorial_guinea	locatedIn	middle_africa	
netherlands	neighborOf	germany	
india	neighborOf	bangladesh	
morocco	neighborOf	spain	
libya	neighborOf	tunisia	
guatemala	neighborOf	el_salvador	
laos	neighborOf	myanmar	
brunei	neighborOf	malaysia	
western_sahara	locatedIn	africa	
gambia	locatedIn	western_africa	
wallis_and_futuna	locatedIn	oceania	
mongolia	neighborOf	russia	
austria	neighborOf	czechia	
romania	neighborOf	ukraine	
suriname	locatedIn	americas	
vietnam	locatedIn	asia	
kyrgyzstan	neighborOf	kazakhstan	
madagascar	locatedIn	eastern_africa	
peru	neighborOf	ecuador	
iran	neighborOf	turkey	
india	neighborOf	afghanistan	
comoros	locatedIn	eastern_africa	
botswana	locatedIn	africa	
montserrat	locatedIn	americas	
zambia	neighborOf	zimbabwe	
bolivia	locatedIn	south_america	
nepal	locatedIn	southern_asia	
kenya	neighborOf	south_sudan	
sudan	neighborOf	central_african_republic	
oman	locatedIn	western_asia	
romania	locatedIn	europe	
cameroon	locatedIn	middle_africa	
zimbabwe	neighborOf	mozambique	
colombia	neighborOf	brazil	
brazil	neighborOf	argentina	
afghanistan	locatedIn	asia	
kenya	locatedIn	africa	
cambodia	neighborOf	thailand	
mali	neighborOf	mauritania	
haiti	locatedIn	caribbean	
uruguay	locatedIn	south_america	
belarus	neighborOf	poland	
cameroon	neighborOf	chad	
mozambique	neighborOf	zimbabwe	
nigeria	neighborOf	cameroon	
macedonia	neighborOf	albania	
guyana	neighborOf	brazil	
portugal	locatedIn	southern_europe	
algeria	neighborOf	mauritania	
curaçao	locatedIn	americas	
curaçao	locatedIn	caribbean	
bolivia	neighborOf	argentina	
iran	neighborOf	pakistan	
somalia	neighborOf	ethiopia	
gabon	locatedIn	middle_africa	
netherlands	neighborOf	belgium	
uzbekistan	neighborOf	tajikistan	
central_african_republic	neighborOf	dr_congo	
poland	neighborOf	lithuania	
cape_verde	locatedIn	africa	
tunisia	locatedIn	northern_africa	
united_states_virgin_islands	locatedIn	americas	
laos	locatedIn	south-eastern_asia	
niger	neighborOf	nigeria	
liberia	neighborOf	sierra_leone	
malta	locatedIn	southern_europe	
moldova	neighborOf	ukraine	
honduras	neighborOf	el_salvador	
france	neighborOf	belgium	
palestine	locatedIn	asia	
isle_of_man	locatedIn	northern_europe	
angola	locatedIn	africa	
sint_maarten	text(was:located:in)	caribbean	
china	text(is:a:neighboring:country:of)	north_korea	
cameroon	text(is:adjacent:to)	central_african_republic	
bahamas	text(is:positioned:in)	caribbean	
bulgaria	text(was:a:neighbor:of)	serbia	
panama	text(is:positioned:in)	americas	
central_african_republic	text(was:adjacent:to)	sudan	
zambia	text(was:butted:against)	botswana	
republic_of_the_congo	text(neighbours)	dr_congo	
estonia	text(was:present:in)	northern_europe	
mali	text(is:butted:against)	ivory_coast	
argentina	text(is:a:neighbor:of)	bolivia	
guinea	text(was:adjacent:to)	senegal	
ivory_coast	text(is:a:neighboring:state:to)	burkina_faso	
zambia	text(borders)	angola	
french_polynesia	text(was:located:in)	oceania	
laos	text(neighbours:with)	vietnam	
south_korea	text(is:situated:in)	eastern_asia	
ukraine	text(is:a:neighboring:state:to)	moldova	
saint_lucia	text(is:still:in)	americas	
india	text(was:found:in)	southern_asia	
myanmar	text(borders)	laos	
central_african_republic	text(was:currently:in)	middle_africa	
greenland	text(is:currently:in)	americas	
zambia	text(was:butted:against)	malawi	
botswana	text(was:a:neighboring:state:to)	zimbabwe	
libya	text(is:localized:in)	africa	
serbia	text(was:butted:against)	montenegro	
brazil	text(was:localized:in)	south_america	
oman	text(neighbours)	yemen	
lebanon	text(was:sited:in)	western_asia	
guinea	text(was:still:in)	africa	
turkmenistan	text(is:a:neighboring:country:of)	iran	
costa_rica	text(is:adjacent:to)	panama	
argentina	text(is:butted:against)	brazil	
turkey	text(neighbours)	azerbaijan	
mozambique	text(borders)	zambia	
iraq	text(borders:with)	jordan	
serbia	text(neighbours)	croatia	
zambia	text(was:a:neighboring:state:to)	mozambique	
burkina_faso	text(neighbours)	niger	
israel	text(neighbours)	egypt	
tanzania	text(was:adjacent:to)	dr_congo	
niger	text(is:adjacent:to)	chad	
india	text(borders:with)	myanmar	
algeria	text(was:butted:against)	morocco	
malaysia	text(was:butted:against)	indonesia	
fiji	text(is:located:in)	oceania	
honduras	text(is:contained:in)	central_america	
paraguay	text(is:a:neighbor:of)	argentina	
trinidad_and_tobago	text(was:found:in)	caribbean	
china	text(neighbours)	macau	
china	text(is:found:in)	eastern_asia	
dr_congo	text(is:butted:against)	angola	
albania	text(was:adjacent:to)	kosovo	
turkey	text(was:a:neighboring:country:of)	iraq	
palestine	text(is:butted:against)	egypt	
saudi_arabia	text(is:adjacent:to)	yemen	
croatia	text(is:adjacent:to)	bosnia_and_herzegovina	
iraq	text(is:a:neighbor:of)	kuwait	
svalbard_and_jan_mayen	text(was:present:in)	northern_europe	
ethiopia	text(is:a:neighboring:country:of)	eritrea	
yemen	text(can:be:found:in)	asia	
dr_congo	text(is:localized:in)	africa	
romania	text(is:a:neighbor:of)	moldova	
tanzania	text(borders:with)	kenya	
ethiopia	text(is:a:neighbor:of)	south_sudan	
colombia	text(is:present:in)	americas	
saudi_arabia	text(neighbours:with)	oman	
china	text(neighbours:with)	kazakhstan	
czechia	text(borders)	germany	
costa_rica	text(is:situated:in)	americas	
hungary	text(borders:with)	serbia	
israel	text(was:adjacent:to)	syria	
san_marino	text(was:butted:against)	italy	
ivory_coast	text(was:butted:against)	liberia	
benin	text(is:positioned:in)	africa	
latvia	text(is:a:neighboring:state:to)	lithuania	
dr_congo	text(was:adjacent:to)	uganda	
india	text(is:found:in)	asia	
namibia	text(was:placed:in)	southern_africa	
syria	text(used:to:be:found:in)	asia	
qatar	text(was:a:neighbor:of)	saudi_arabia	
andorra	text(is:adjacent:to)	france	
comoros	text(was:placed:in)	africa	
united_states_minor_outlying_islands	text(is:positioned:in)	americas	
greece	text(is:a:neighboring:country:of)	albania	
south_korea	text(was:a:neighboring:country:of)	north_korea	
germany	text(was:butted:against)	switzerland	
hungary	text(neighbours:with)	romania	
angola	text(is:a:neighbor:of)	dr_congo	
taiwan	text(is:found:in)	asia	
china	text(is:a:neighbor:of)	tajikistan	
saint_lucia	text(can:be:found:in)	caribbean	
belize	text(is:sited:in)	americas	
tanzania	text(is:a:neighbor:of)	rwanda	
eritrea	text(neighbours)	sudan	
swaziland	text(was:a:neighboring:country:of)	south_africa	
sierra_leone	text(is:a:neighbor:of)	liberia	
mozambique	text(is:a:neighbor:of)	south_africa	
jordan	text(borders)	syria	
myanmar	text(is:a:neighbor:of)	thailand	
china	text(neighbours)	mongolia	
russia	text(neighbours:with)	north_korea	
finland	text(was:adjacent:to)	russia	
new_caledonia	text(was:positioned:in)	oceania	
lebanon	text(was:a:neighboring:state:to)	israel	
belgium	text(is:a:neighboring:country:of)	germany	
niger	text(was:present:in)	africa	
liechtenstein	text(is:adjacent:to)	austria	
kazakhstan	text(was:currently:in)	central_asia	
montserrat	text(is:currently:in)	caribbean	
cambodia	text(was:butted:against)	laos	
oman	text(is:positioned:in)	asia	
togo	text(is:adjacent:to)	burkina_faso	
syria	text(is:a:neighboring:country:of)	israel	
saint_kitts_and_nevis	text(is:located:in)	caribbean	
central_african_republic	text(borders:with)	cameroon	
senegal	text(is:butted:against)	guinea-bissau	
guyana	text(is:a:neighbor:of)	suriname	
colombia	text(is:butted:against)	ecuador	
bolivia	text(is:adjacent:to)	brazil	
burkina_faso	text(was:a:neighboring:state:to)	ivory_coast	
saudi_arabia	text(neighbours)	kuwait	
kiribati	text(is:placed:in)	oceania	
cook_islands	text(is:contained:in)	oceania	
sweden	text(was:a:neighboring:state:to)	norway	
dr_congo	text(was:sited:in)	middle_africa	
indonesia	text(was:adjacent:to)	papua_new_guinea	
grenada	text(was:present:in)	americas	
samoa	text(is:present:in)	oceania	
tunisia	text(is:adjacent:to)	libya	
france	text(neighbours:with)	germany	
mozambique	text(is:butted:against)	swaziland	
russia	text(was:a:neighbor:of)	china	
kosovo	text(was:found:in)	eastern_europe	
kuwait	text(is:placed:in)	western_asia	
serbia	text(was:butted:against)	kosovo	
guadeloupe	text(is:placed:in)	americas	
chad	text(is:positioned:in)	africa	
central_african_republic	text(was:a:neighbor:of)	chad	
mali	text(neighbours)	burkina_faso	
burkina_faso	text(is:butted:against)	togo	
germany	text(neighbours)	denmark	
western_sahara	text(is:a:neighbor:of)	mauritania	
aruba	text(was:currently:in)	americas	
bhutan	text(is:butted:against)	china	
benin	text(was:a:neighbor:of)	niger	
malawi	text(was:butted:against)	mozambique	
senegal	text(neighbours:with)	gambia	
republic_of_the_congo	text(borders:with)	gabon	
ukraine	text(is:a:neighbor:of)	russia	
south_sudan	text(is:contained:in)	middle_africa	
uzbekistan	text(was:contained:in)	asia	
brazil	text(was:a:neighbor:of)	bolivia	
united_states	text(borders)	canada	
iraq	text(was:a:neighbor:of)	turkey	
turkmenistan	text(is:butted:against)	kazakhstan	
nigeria	text(neighbours)	chad	
syria	text(is:adjacent:to)	turkey	
romania	text(is:located:in)	eastern_europe	
singapore	text(was:contained:in)	south-eastern_asia	
united_states	text(is:adjacent:to)	mexico	
barbados	text(can:be:found:in)	caribbean	
tanzania	text(neighbours)	malawi	
bhutan	text(was:placed:in)	southern_asia	
united_kingdom	text(is:contained:in)	europe	
malawi	text(was:still:in)	africa	
uzbekistan	text(borders)	kyrgyzstan	
mali	text(was:a:neighboring:country:of)	guinea	
zambia	text(borders)	namibia	
dr_congo	text(was:a:neighboring:state:to)	burundi	
chad	text(borders)	cameroon	
angola	text(was:a:neighboring:state:to)	namibia	
lesotho	text(is:placed:in)	africa	
nigeria	text(is:positioned:in)	western_africa	
russia	text(is:butted:against)	georgia	
bosnia_and_herzegovina	text(was:a:neighbor:of)	croatia	
peru	text(was:situated:in)	south_america	
tuvalu	text(was:sited:in)	oceania	
south_africa	text(borders)	mozambique	
ethiopia	text(is:localized:in)	africa	
libya	text(neighbours)	egypt	
lesotho	text(borders)	south_africa	
saudi_arabia	text(neighbours:with)	jordan	
india	text(is:butted:against)	sri_lanka	
dominican_republic	text(was:localized:in)	caribbean	
india	text(neighbours)	nepal	
finland	text(was:located:in)	northern_europe	
montenegro	text(was:a:neighboring:state:to)	serbia	
cameroon	text(is:adjacent:to)	nigeria	
czechia	text(is:sited:in)	europe	
colombia	text(neighbours)	panama	
tajikistan	text(was:a:neighboring:state:to)	china	
bermuda	text(is:found:in)	northern_america	
southern_europe	text(was:contained:in)	europe	
south_africa	text(was:situated:in)	southern_africa	
indonesia	text(was:butted:against)	timor-leste	
kazakhstan	text(was:a:neighboring:state:to)	kyrgyzstan	
china	text(was:a:neighbor:of)	india	
ethiopia	text(borders)	kenya	
ivory_coast	text(was:sited:in)	western_africa	
poland	text(borders)	russia	
estonia	text(was:present:in)	europe	
kuwait	text(was:butted:against)	saudi_arabia	
palau	text(was:sited:in)	micronesia	
papua_new_guinea	text(was:a:neighboring:country:of)	indonesia	
syria	text(was:butted:against)	jordan	
cambodia	text(is:a:neighboring:state:to)	vietnam	
malaysia	text(was:present:in)	south-eastern_asia	
bhutan	text(was:still:in)	asia	
turks_and_caicos_islands	text(is:situated:in)	americas	
gibraltar	text(is:localized:in)	southern_europe	
uganda	text(is:adjacent:to)	tanzania	
nigeria	text(is:a:neighbor:of)	benin	
bahrain	text(can:be:found:in)	western_asia	
uzbekistan	text(is:a:neighboring:country:of)	turkmenistan	
turkmenistan	text(was:a:neighboring:state:to)	uzbekistan	
cambodia	text(is:still:in)	asia	
vatican_city	text(was:positioned:in)	southern_europe	
czechia	text(was:butted:against)	poland	
tanzania	text(is:butted:against)	burundi	
south_america	text(is:localized:in)	americas	
austria	text(was:contained:in)	europe	
guadeloupe	text(was:positioned:in)	caribbean	
montenegro	text(was:a:neighbor:of)	albania	
botswana	text(is:a:neighboring:state:to)	zambia	
gambia	text(was:positioned:in)	africa	
armenia	text(is:situated:in)	asia	
åland_islands	text(was:contained:in)	europe	
south_sudan	text(was:a:neighboring:country:of)	uganda	
china	text(borders)	vietnam	
iran	text(was:a:neighboring:state:to)	iraq	
maldives	text(is:positioned:in)	asia	
czechia	text(is:butted:against)	austria	
seychelles	text(was:positioned:in)	eastern_africa	
puerto_rico	text(is:positioned:in)	americas	
afghanistan	text(is:contained:in)	southern_asia	
italy	text(was:a:neighboring:country:of)	slovenia	
paraguay	text(can:be:found:in)	americas	
sweden	text(is:positioned:in)	europe	
germany	text(is:a:neighboring:state:to)	netherlands	
malaysia	text(is:currently:in)	asia	
jamaica	text(was:found:in)	caribbean	
afghanistan	text(was:a:neighbor:of)	tajikistan	
iraq	text(is:adjacent:to)	syria	
south_sudan	text(was:a:neighbor:of)	kenya	
iran	text(borders)	azerbaijan	
luxembourg	text(was:localized:in)	western_europe	
western_sahara	text(is:contained:in)	northern_africa	
sudan	text(is:a:neighboring:state:to)	ethiopia	
burundi	text(was:a:neighbor:of)	tanzania	
south_africa	text(is:currently:in)	africa	
kyrgyzstan	text(was:a:neighboring:state:to)	uzbekistan	
burkina_faso	text(was:a:neighboring:country:of)	mali	
pakistan	text(borders)	iran	
albania	text(is:butted:against)	greece	
saint_barthélemy	text(was:still:in)	caribbean	
united_kingdom	text(was:found:in)	northern_europe	
serbia	text(is:a:neighboring:country:of)	bosnia_and_herzegovina	
laos	text(was:still:in)	asia	
france	text(is:a:neighbor:of)	monaco	
gibraltar	text(was:present:in)	europe	
nicaragua	text(was:a:neighboring:state:to)	honduras	
finland	text(is:positioned:in)	europe	
japan	text(is:positioned:in)	eastern_asia	
ethiopia	text(was:adjacent:to)	djibouti	
luxembourg	text(was:butted:against)	germany	
dominica	text(is:present:in)	americas	
honduras	text(was:butted:against)	nicaragua	
morocco	text(was:adjacent:to)	western_sahara	
ukraine	text(is:positioned:in)	eastern_europe	
dr_congo	text(neighbours:with)	zambia	
slovakia	text(is:butted:against)	czechia	
latvia	text(was:a:neighboring:country:of)	russia	
russia	text(neighbours)	azerbaijan	
iceland	text(is:present:in)	europe	
tokelau	text(is:contained:in)	oceania	
denmark	text(was:a:neighbor:of)	germany	
british_virgin_islands	text(was:situated:in)	americas	
gabon	text(is:still:in)	africa	
ireland	text(is:still:in)	northern_europe	
india	text(was:a:neighboring:state:to)	china	
oman	text(is:a:neighboring:country:of)	united_arab_emirates	
liberia	text(borders:with)	guinea	
falkland_islands	text(was:located:in)	americas	
azerbaijan	text(is:butted:against)	georgia	
finland	text(is:butted:against)	norway	
united_states_virgin_islands	text(is:situated:in)	caribbean	
macedonia	text(is:a:neighboring:country:of)	kosovo	
ecuador	text(borders)	colombia	
rwanda	text(is:a:neighbor:of)	uganda	
france	text(is:located:in)	europe	
costa_rica	text(is:found:in)	central_america	
jordan	text(is:butted:against)	iraq	
slovenia	text(is:a:neighboring:country:of)	italy	
oman	text(is:a:neighboring:country:of)	saudi_arabia	
bolivia	text(was:sited:in)	americas	
niger	text(borders)	libya	
iraq	text(was:a:neighboring:state:to)	iran	
burundi	text(is:situated:in)	eastern_africa	
malaysia	text(borders:with)	thailand	
france	text(is:adjacent:to)	luxembourg	
lebanon	text(is:positioned:in)	asia	
croatia	text(borders)	hungary	
sudan	text(was:a:neighbor:of)	libya	
turkmenistan	text(borders)	afghanistan	
cameroon	text(is:a:neighbor:of)	republic_of_the_congo	
senegal	text(is:a:neighbor:of)	guinea	
latvia	text(was:sited:in)	europe	
austria	text(was:butted:against)	germany	
slovenia	text(neighbours)	austria	
nigeria	text(is:still:in)	africa	
montenegro	text(is:positioned:in)	europe	
jersey	text(used:to:be:found:in)	northern_europe	
bulgaria	text(was:a:neighboring:state:to)	macedonia	
dr_congo	text(borders:with)	republic_of_the_congo	
peru	text(borders:with)	bolivia	
brunei	text(used:to:be:found:in)	south-eastern_asia	
azerbaijan	text(was:currently:in)	asia	
vanuatu	text(was:localized:in)	melanesia	
belarus	text(was:a:neighboring:state:to)	ukraine	
brazil	text(is:butted:against)	suriname	
venezuela	text(is:a:neighboring:country:of)	brazil	
libya	text(is:a:neighboring:country:of)	sudan	
united_arab_emirates	text(was:a:neighboring:country:of)	saudi_arabia	
saint_pierre_and_miquelon	text(was:located:in)	northern_america	
rwanda	text(is:a:neighboring:country:of)	tanzania	
sweden	text(was:a:neighboring:state:to)	finland	
philippines	text(is:placed:in)	asia	
russia	text(was:positioned:in)	eastern_europe	
china	text(was:a:neighbor:of)	laos	
christmas_island	text(was:present:in)	oceania	
bulgaria	text(was:adjacent:to)	greece	
liberia	text(is:still:in)	africa	
tajikistan	text(is:found:in)	central_asia	
egypt	text(is:a:neighboring:state:to)	sudan	
argentina	text(borders:with)	uruguay	
togo	text(is:a:neighboring:state:to)	ghana	
northern_america	text(is:still:in)	americas	
turkey	text(is:butted:against)	iran	
south_africa	text(was:a:neighboring:country:of)	botswana	
chad	text(is:found:in)	middle_africa	
israel	text(neighbours)	jordan	
canada	text(was:currently:in)	americas	
aruba	text(is:present:in)	caribbean	
western_africa	text(was:placed:in)	africa	
montenegro	text(was:present:in)	southern_europe	
malawi	text(was:butted:against)	tanzania	
georgia	text(used:to:be:found:in)	asia	
madagascar	text(is:located:in)	africa	
el_salvador	text(is:present:in)	americas	
eritrea	text(was:a:neighboring:country:of)	ethiopia	
russia	text(was:a:neighbor:of)	ukraine	
venezuela	text(borders:with)	guyana	
bolivia	text(was:butted:against)	chile	
turks_and_caicos_islands	text(is:located:in)	caribbean	
turkey	text(is:a:neighboring:state:to)	bulgaria	
martinique	text(was:sited:in)	caribbean	
palestine	text(neighbours:with)	jordan	
algeria	text(is:a:neighbor:of)	western_sahara	
russia	text(borders)	norway	
myanmar	text(is:a:neighbor:of)	india	
zimbabwe	text(neighbours)	south_africa	
ethiopia	text(neighbours)	somalia	
algeria	text(borders)	mali	
morocco	text(borders)	algeria	
georgia	text(was:placed:in)	western_asia	
kazakhstan	text(was:found:in)	asia	
marshall_islands	text(is:located:in)	oceania	
mayotte	text(was:still:in)	eastern_africa	
azerbaijan	text(borders)	turkey	
northern_europe	text(is:still:in)	europe	
brazil	text(was:adjacent:to)	french_guiana	
estonia	text(was:a:neighboring:state:to)	russia	
kenya	text(neighbours:with)	ethiopia	
greece	text(borders:with)	macedonia	
eastern_europe	text(was:localized:in)	europe	
hungary	text(was:adjacent:to)	austria	
hungary	text(is:adjacent:to)	slovenia	
gabon	text(was:a:neighbor:of)	equatorial_guinea	
albania	text(is:sited:in)	europe	
mauritania	text(was:butted:against)	mali	
papua_new_guinea	text(is:located:in)	melanesia	
kyrgyzstan	text(neighbours:with)	china	
central_african_republic	text(is:a:neighboring:state:to)	south_sudan	
libya	text(was:a:neighboring:country:of)	niger	
guinea-bissau	text(is:a:neighbor:of)	senegal	
south_georgia	text(used:to:be:found:in)	south_america	
nigeria	text(is:a:neighbor:of)	niger	
réunion	text(was:contained:in)	eastern_africa	
canada	text(is:positioned:in)	northern_america	
guinea	text(neighbours:with)	guinea-bissau	
ukraine	text(neighbours)	hungary	
armenia	text(was:adjacent:to)	iran	
argentina	text(is:localized:in)	south_america	
guinea-bissau	text(was:a:neighboring:state:to)	guinea	
moldova	text(was:situated:in)	europe	
australia_and_new_zealand	text(is:currently:in)	oceania	
fiji	text(is:located:in)	melanesia	
bolivia	text(borders)	peru	
dr_congo	text(is:a:neighboring:country:of)	tanzania	
sri_lanka	text(was:a:neighbor:of)	india	
south_africa	text(is:a:neighbor:of)	namibia	
french_guiana	text(was:adjacent:to)	brazil	
mali	text(was:situated:in)	western_africa	
micronesia	text(is:contained:in)	oceania	
saudi_arabia	text(is:a:neighbor:of)	iraq	
czechia	text(borders:with)	slovakia	
thailand	text(was:a:neighbor:of)	laos	
cayman_islands	text(was:still:in)	americas	
norway	text(neighbours)	finland	
venezuela	text(was:butted:against)	colombia	
guinea	text(is:butted:against)	sierra_leone	
chad	text(is:a:neighboring:country:of)	south_sudan	
switzerland	text(is:placed:in)	europe	
azerbaijan	text(neighbours)	iran	
switzerland	text(was:present:in)	western_europe	
germany	text(neighbours:with)	czechia	
rwanda	text(is:found:in)	africa	
swaziland	text(was:found:in)	southern_africa	
poland	text(was:a:neighboring:country:of)	belarus	
zambia	text(used:to:be:found:in)	africa	
south_georgia	text(was:situated:in)	americas	
burundi	text(was:adjacent:to)	dr_congo	
cayman_islands	text(is:situated:in)	caribbean	
namibia	text(can:be:found:in)	africa	
tajikistan	text(neighbours:with)	kyrgyzstan	
georgia	text(is:a:neighboring:country:of)	russia	
syria	text(is:adjacent:to)	iraq	
western_asia	text(was:sited:in)	asia	
haiti	text(is:positioned:in)	americas	
timor-leste	text(neighbours:with)	indonesia	
spain	text(borders:with)	andorra	
tonga	text(is:contained:in)	oceania	
syria	text(was:butted:against)	lebanon	
russia	text(was:a:neighboring:country:of)	mongolia	
united_kingdom	text(was:a:neighboring:state:to)	ireland	
russia	text(was:butted:against)	poland	
mali	text(can:be:found:in)	africa	
luxembourg	text(is:a:neighboring:state:to)	france	
italy	text(was:adjacent:to)	vatican_city	
greece	text(borders)	turkey	
british_indian_ocean_territory	text(was:situated:in)	africa	
russia	text(borders)	kazakhstan	
malaysia	text(was:adjacent:to)	brunei	
bosnia_and_herzegovina	text(is:adjacent:to)	montenegro	
kosovo	text(borders)	montenegro	
senegal	text(is:a:neighboring:state:to)	mali	
bosnia_and_herzegovina	text(was:positioned:in)	southern_europe	
south_sudan	text(was:butted:against)	sudan	
macedonia	text(borders)	greece	
nicaragua	text(neighbours)	costa_rica	
guyana	text(is:a:neighboring:state:to)	venezuela	
chile	text(borders:with)	bolivia	
azerbaijan	text(is:still:in)	western_asia	
slovenia	text(is:a:neighbor:of)	croatia	
china	text(was:butted:against)	myanmar	
jordan	text(is:butted:against)	israel	
brazil	text(was:a:neighboring:country:of)	uruguay	
tunisia	text(is:adjacent:to)	algeria	
jordan	text(borders)	saudi_arabia	
samoa	text(used:to:be:found:in)	polynesia	
paraguay	text(was:situated:in)	south_america	
burkina_faso	text(was:adjacent:to)	benin	
switzerland	text(borders)	austria	
central_african_republic	text(is:a:neighbor:of)	republic_of_the_congo	
angola	text(is:a:neighbor:of)	republic_of_the_congo	
belgium	text(was:a:neighboring:country:of)	france	
british_indian_ocean_territory	text(was:currently:in)	eastern_africa	
albania	text(was:adjacent:to)	macedonia	
montenegro	text(is:a:neighboring:state:to)	croatia	
serbia	text(was:butted:against)	bulgaria	
dr_congo	text(is:a:neighbor:of)	central_african_republic	
pakistan	text(borders:with)	afghanistan	
bolivia	text(is:a:neighboring:country:of)	paraguay	
united_states_minor_outlying_islands	text(was:found:in)	northern_america	
svalbard_and_jan_mayen	text(is:situated:in)	europe	
cameroon	text(neighbours)	gabon	
panama	text(was:present:in)	central_america	
suriname	text(was:adjacent:to)	guyana	
honduras	text(was:still:in)	americas	
togo	text(was:contained:in)	africa	
norfolk_island	text(was:contained:in)	oceania	
nepal	text(is:still:in)	asia	
singapore	text(is:present:in)	asia	
french_polynesia	text(was:currently:in)	polynesia	
guinea	text(is:present:in)	western_africa	
liberia	text(was:contained:in)	western_africa	
trinidad_and_tobago	text(is:located:in)	americas	
cuba	text(was:still:in)	caribbean	
melanesia	text(is:sited:in)	oceania	
guinea-bissau	text(was:currently:in)	africa	
germany	text(is:a:neighbor:of)	belgium	
monaco	text(is:a:neighboring:country:of)	france	
kiribati	text(was:sited:in)	micronesia	
thailand	text(neighbours)	myanmar	
argentina	text(neighbours:with)	chile	
vanuatu	text(is:situated:in)	oceania	
armenia	text(was:localized:in)	western_asia	
pakistan	text(is:a:neighbor:of)	china	
slovakia	text(is:a:neighbor:of)	ukraine	
slovakia	text(is:adjacent:to)	hungary	
somalia	text(was:sited:in)	africa	
macedonia	text(neighbours:with)	serbia	
benin	text(was:a:neighboring:state:to)	burkina_faso	
kosovo	text(borders)	albania	
chad	text(was:a:neighbor:of)	central_african_republic	
iran	text(is:found:in)	asia	
vietnam	text(was:localized:in)	south-eastern_asia	
ukraine	text(is:a:neighboring:state:to)	slovakia	
laos	text(was:butted:against)	china	
norfolk_island	text(was:positioned:in)	australia_and_new_zealand	
honduras	text(neighbours)	guatemala	
haiti	text(neighbours)	dominican_republic	
mauritania	text(was:a:neighboring:country:of)	western_sahara	
china	text(used:to:be:found:in)	asia	
northern_mariana_islands	text(was:currently:in)	oceania	
sudan	text(neighbours:with)	south_sudan	
kenya	text(is:butted:against)	uganda	
benin	text(is:situated:in)	western_africa	
saint_martin	text(is:found:in)	americas	
angola	text(is:positioned:in)	middle_africa	
bahrain	text(was:located:in)	asia	
spain	text(is:a:neighbor:of)	gibraltar	
moldova	text(neighbours:with)	romania	
western_sahara	text(borders:with)	morocco	
south_korea	text(was:currently:in)	asia	
germany	text(is:adjacent:to)	poland	
kazakhstan	text(was:adjacent:to)	turkmenistan	
libya	text(borders)	algeria	
italy	text(neighbours:with)	san_marino	
niger	text(is:a:neighbor:of)	burkina_faso	
egypt	text(neighbours)	israel	
bulgaria	text(is:a:neighboring:country:of)	romania	
pitcairn_islands	text(can:be:found:in)	oceania	
france	text(is:positioned:in)	western_europe	
thailand	text(is:butted:against)	cambodia	
saudi_arabia	text(was:butted:against)	united_arab_emirates	
american_samoa	text(is:localized:in)	polynesia	
french_guiana	text(was:a:neighboring:country:of)	suriname	
eastern_africa	text(is:situated:in)	africa	
christmas_island	text(is:sited:in)	australia_and_new_zealand	
georgia	text(neighbours:with)	azerbaijan	
france	text(is:adjacent:to)	andorra	
republic_of_the_congo	text(borders)	central_african_republic	
antigua_and_barbuda	text(was:situated:in)	americas	
ivory_coast	text(neighbours)	guinea	
portugal	text(is:present:in)	europe	
switzerland	text(is:a:neighboring:country:of)	italy	
turkey	text(is:a:neighboring:country:of)	armenia	
guatemala	text(borders:with)	mexico	
zambia	text(is:still:in)	eastern_africa	
poland	text(was:a:neighboring:state:to)	ukraine	
austria	text(borders)	slovenia	
swaziland	text(is:a:neighboring:state:to)	mozambique	
central_america	text(was:localized:in)	americas	
ireland	text(was:adjacent:to)	united_kingdom	
uruguay	text(neighbours)	argentina	
austria	text(is:a:neighboring:country:of)	liechtenstein	
kenya	text(was:a:neighbor:of)	tanzania	
latvia	text(was:located:in)	northern_europe	
isle_of_man	text(is:positioned:in)	europe	
canada	text(is:a:neighboring:state:to)	united_states	
peru	text(was:localized:in)	americas	
togo	text(was:adjacent:to)	benin	
serbia	text(neighbours)	macedonia	
montenegro	text(is:adjacent:to)	bosnia_and_herzegovina	
saint_pierre_and_miquelon	text(is:currently:in)	americas	
kazakhstan	text(was:a:neighbor:of)	russia	
belgium	text(is:found:in)	western_europe	
serbia	text(was:butted:against)	romania	
tunisia	text(was:still:in)	africa	
angola	text(was:adjacent:to)	zambia	
algeria	text(is:a:neighboring:country:of)	niger	
panama	text(is:a:neighboring:country:of)	colombia	
jamaica	text(is:localized:in)	americas	
italy	text(is:found:in)	europe	
libya	text(is:adjacent:to)	chad	
qatar	text(is:localized:in)	western_asia	
namibia	text(neighbours)	angola	
azerbaijan	text(is:a:neighboring:state:to)	russia	
faroe_islands	text(is:contained:in)	europe	
panama	text(neighbours)	costa_rica	
dominican_republic	text(is:placed:in)	americas	
solomon_islands	text(was:found:in)	oceania	
mexico	text(is:adjacent:to)	guatemala	
kuwait	text(was:still:in)	asia	
mali	text(neighbours:with)	niger	
guinea	text(is:adjacent:to)	liberia	
uganda	text(neighbours)	rwanda	
mauritius	text(can:be:found:in)	eastern_africa	
cocos_keeling_islands	text(is:situated:in)	australia_and_new_zealand	
saint_martin	text(was:located:in)	caribbean	
australia	text(used:to:be:found:in)	oceania	
kazakhstan	text(was:a:neighboring:state:to)	china	
southern_asia	text(is:present:in)	asia	
mongolia	text(is:a:neighbor:of)	china	
colombia	text(was:currently:in)	south_america	
israel	text(is:positioned:in)	asia	
malta	text(is:placed:in)	europe	
north_korea	text(is:a:neighbor:of)	south_korea	
croatia	text(was:a:neighboring:state:to)	serbia	
lesotho	text(was:positioned:in)	southern_africa	
italy	text(was:adjacent:to)	austria	
paraguay	text(is:a:neighbor:of)	brazil	
malawi	text(is:present:in)	eastern_africa	
saint_vincent_and_the_grenadines	text(is:sited:in)	americas	
germany	text(borders:with)	luxembourg	
greece	text(is:butted:against)	bulgaria	
vietnam	text(was:a:neighboring:state:to)	china	
åland_islands	text(was:situated:in)	northern_europe	
republic_of_the_congo	text(was:adjacent:to)	angola	
nepal	text(is:butted:against)	china	
micronesia	text(is:positioned:in)	micronesia	
czechia	text(is:present:in)	eastern_europe	
lithuania	text(neighbours:with)	belarus	
zambia	text(was:adjacent:to)	dr_congo	
slovenia	text(was:contained:in)	southern_europe	
austria	text(was:contained:in)	western_europe	
mauritania	text(was:a:neighboring:country:of)	senegal	
namibia	text(is:butted:against)	botswana	
mayotte	text(was:still:in)	africa	
algeria	text(is:a:neighboring:state:to)	libya	
niger	text(was:placed:in)	western_africa	
italy	text(is:adjacent:to)	switzerland	
latvia	text(was:a:neighboring:state:to)	belarus	
dominican_republic	text(was:a:neighboring:country:of)	haiti	
india	text(neighbours:with)	bhutan	
bosnia_and_herzegovina	text(is:localized:in)	europe	
poland	text(is:adjacent:to)	czechia	
sierra_leone	text(neighbours:with)	guinea	
tajikistan	text(was:a:neighbor:of)	afghanistan	
austria	text(was:a:neighboring:state:to)	italy	
argentina	text(was:adjacent:to)	paraguay	
guatemala	text(is:a:neighboring:state:to)	belize	
guinea	text(was:a:neighboring:state:to)	mali	
ireland	text(was:present:in)	europe	
algeria	text(was:positioned:in)	africa	
andorra	text(is:present:in)	europe	
mauritania	text(is:a:neighboring:state:to)	algeria	
cocos_keeling_islands	text(was:present:in)	oceania	
bangladesh	text(was:a:neighbor:of)	myanmar	
lithuania	text(is:butted:against)	poland	
nauru	text(is:still:in)	micronesia	
uruguay	text(was:a:neighboring:country:of)	brazil	
chile	text(borders:with)	peru	
syria	text(is:present:in)	western_asia	
iraq	text(is:butted:against)	saudi_arabia	
suriname	text(is:butted:against)	french_guiana	
dominica	text(was:placed:in)	caribbean	
bahamas	text(is:currently:in)	americas	
new_zealand	text(was:contained:in)	australia_and_new_zealand	
luxembourg	text(is:sited:in)	europe	
cyprus	text(used:to:be:found:in)	eastern_europe	
mali	text(was:a:neighboring:country:of)	algeria	
france	text(was:a:neighboring:state:to)	switzerland	
serbia	text(is:butted:against)	hungary	
barbados	text(is:situated:in)	americas	
armenia	text(was:a:neighboring:country:of)	azerbaijan	
saudi_arabia	text(is:adjacent:to)	qatar	
mauritius	text(is:present:in)	africa	
libya	text(was:sited:in)	northern_africa	
djibouti	text(is:butted:against)	somalia	
slovakia	text(borders)	austria	
tanzania	text(neighbours)	zambia	
brazil	text(was:a:neighboring:state:to)	guyana	
russia	text(neighbours:with)	lithuania	
russia	text(is:adjacent:to)	estonia	
niger	text(neighbours:with)	mali	
macedonia	text(was:a:neighbor:of)	bulgaria	
ghana	text(borders)	burkina_faso	
italy	text(borders)	france	
greece	text(is:situated:in)	europe	
liechtenstein	text(is:located:in)	western_europe	
middle_africa	text(is:currently:in)	africa	
uzbekistan	text(is:placed:in)	central_asia	
croatia	text(neighbours)	slovenia	
sudan	text(was:a:neighboring:country:of)	chad	
ukraine	text(is:a:neighboring:country:of)	romania	
china	text(was:a:neighbor:of)	afghanistan	
argentina	text(was:still:in)	americas	
austria	text(borders)	slovakia	
tonga	text(can:be:found:in)	polynesia	
benin	text(is:a:neighbor:of)	nigeria	
russia	text(is:a:neighboring:state:to)	belarus	
croatia	text(was:still:in)	europe	
colombia	text(is:a:neighboring:state:to)	venezuela	
poland	text(is:butted:against)	slovakia	
new_zealand	text(can:be:found:in)	oceania	
brazil	text(is:currently:in)	americas	
romania	text(was:a:neighbor:of)	bulgaria	
iran	text(is:a:neighboring:country:of)	turkmenistan	
iran	text(was:a:neighboring:state:to)	afghanistan	
são_tomé_and_príncipe	text(is:present:in)	middle_africa	
lithuania	text(is:a:neighbor:of)	russia	
guernsey	text(was:contained:in)	europe	
afghanistan	text(was:a:neighboring:state:to)	uzbekistan	
north_korea	text(is:a:neighboring:country:of)	china	
uganda	text(was:currently:in)	eastern_africa	
